Fest_Name,Name,Role
fest_2,Stcerr Hbmond,organiser_2
fest_2,Ayliwn Slks,organiser_6
fest_2,Sebestien Hickjman,organiser_7
fest_2,Grechen Chlewsn,organiser_8
fest_1,Evelin B,organiser_1
fest_2,leniez Gilbertson,organiser_10
fest_1,mRiver Flipcieno,organiser_2
fest_1,Leona Ca,organiser_9
fest_2,Ay Kehnei,organiser_1
fest_1,tbdulelh Hors,organiser_6
fest_2,S Stephon,organiser_3
fest_1,Prxry Pefryen,organiser_10
fest_1,Derii Dai,organiser_3
fest_1,RB,organiser_5
fest_1,Jordi Taem,organiser_4
fest_2,AM,organiser_4
fest_2,Reshawn Balsdeas,organiser_5
fest_1,Bline Mckesnezie,organiser_7
fest_1,Ashanti John K,organiser_8
fest_2,zoie mcdermott,organiser_9
