Name,ID
Annette Ahmed,18XJ1A0100
Zachery Clancy,18XJ1A0101
Jaquelin Duran,18XJ1A0102
Orlando Clemens,18XJ1A0103
Dorothy Mayhew,18XJ1A0104
Keyara Camacho,18XJ1A0105
Finn Mullins,18XJ1A0106
Aya Kennedy,18XJ1A0107
Amalia Frost,18XJ1A0108
Dina Duckworth,18XJ1A0109
Branson Harman,18XJ1A0110
Braden Thorne,18XJ1A0111
Mitchel Corcoran,18XJ1A0112
Daysha Sapp,18XJ1A0113
Genevieve Ratliff,18XJ1A0114
Terry Metcalf,18XJ1A0115
Brianna Embry,18XJ1A0116
Irvin Lira,18XJ1A0117
Karla Frank,18XJ1A0118
Mitchell Ryan,18XJ1A0119
Kinley Stallings,18XJ1A0120
Kaliyah Hidalgo,18XJ1A0121
Jaylan Conway,18XJ1A0122
Kiya Ohara,18XJ1A0123
Kolten Roland,18XJ1A0124
Adrian Graff,18XJ1A0125
Susana Healey,18XJ1A0126
Harris Parish,18XJ1A0127
Monserrat Lomax,18XJ1A0128
Chester Chavez,18XJ1A0129
Nallely Covey,18XJ1A0130
Theodore Schmidt,18XJ1A0131
Danae Paquette,18XJ1A0132
Jordin Rodrigues,18XJ1A0133
Starr Hammond,18XJ1A0134
Zachery Schrader,18XJ1A0135
Chanel Pickett,18XJ1A0136
Ashtyn Inman,18XJ1A0137
Abril Covarrubias,18XJ1A0138
Jadon Holt,18XJ1A0139
Holly Strom,18XJ1A0140
Christy Elliott,18XJ1A0141
Kathrine Leone,18XJ1A0142
Abigayle Sander,18XJ1A0143
Serenity Castillo,18XJ1A0144
Katelynn Harlow,18XJ1A0145
Jacey Dillon,18XJ1A0146
Ibrahim Sun,18XJ1A0147
Rosalinda Harvey,18XJ1A0148
Brady Grissom,18XJ1A0149
Everett Flood,18XJ1A0150
Elisa Negrete,18XJ1A0151
Serenity Ngo,18XJ1A0152
Cayla Rincon,18XJ1A0153
Julio Clawson,18XJ1A0154
Stevie Young,18XJ1A0155
Sana Fairbanks,18XJ1A0156
Elaine Sell,18XJ1A0157
Tobias Wheeler,18XJ1A0158
Arjun Payne,18XJ1A0159
Cameron Burleson,18XJ1A0160
Jaylan Krieger,18XJ1A0161
Litzy Moyer,18XJ1A0162
Natalya Garvin,18XJ1A0163
Tina Ricker,18XJ1A0164
Demetrius Hutchison,18XJ1A0165
Darrion Barrios,18XJ1A0166
Alexandrea Starnes,18XJ1A0167
Russell Sosa,18XJ1A0168
Lyndsay Jacobson,18XJ1A0169
Kurt Wilkins,18XJ1A0170
Tatum Henning,18XJ1A0171
Shaniya Booth,18XJ1A0172
Heidi Whitmore,18XJ1A0173
Jane Carson,18XJ1A0174
Johnnie Moody,18XJ1A0175
Victor Dunn,18XJ1A0176
Wilson Slocum,18XJ1A0177
Alyse Bertrand,18XJ1A0178
Makala Bruns,18XJ1A0179
Marco Rand,18XJ1A0180
Adan Goetz,18XJ1A0181
Stone Rayburn,18XJ1A0182
Johnson Schuler,18XJ1A0183
Tate Blum,18XJ1A0184
Tyshawn Espino,18XJ1A0185
Holland Foy,18XJ1A0186
Ainsley Clinton,18XJ1A0187
Evelin Bradley,18XJ1A0188
Amber Rudolph,18XJ1A0189
Roxanna McNair,18XJ1A0190
Ciera Almanza,18XJ1A0191
Cailyn Seward,18XJ1A0192
Aleah Spangler,18XJ1A0193
Kaycee Carlin,18XJ1A0194
Alvin Venegas,18XJ1A0195
Codey Lyon,18XJ1A0196
Quinton Taylor,18XJ1A0197
Bradley Mazur,18XJ1A0198
Karley Williamson,18XJ1A0199
Brennan Keck,18XJ1A0200
Mariel Shearer,18XJ1A0201
Abagail Marx,18XJ1A0202
Kathryn Naranjo,18XJ1A0203
Conrad Mesa,18XJ1A0204
Amber Costa,18XJ1A0205
Payton Atkinson,18XJ1A0206
Maximilian McGraw,18XJ1A0207
April Gorman,18XJ1A0208
Jacklyn Saenz,18XJ1A0209
Tori Seibert,18XJ1A0210
Marcello Weber,18XJ1A0211
Semaj Plummer,18XJ1A0212
Dexter Dunne,18XJ1A0213
Denisse Warden,18XJ1A0214
Fidel Sam,18XJ1A0215
Kaylea Hatton,18XJ1A0216
Carolina Newell,18XJ1A0217
Alexander Jaimes,18XJ1A0218
Janie Reddy,18XJ1A0219
Judith Crook,18XJ1A0220
Javier Breaux,18XJ1A0221
Killian Ratliff,18XJ1A0222
Sidney Zamora,18XJ1A0223
Johnny Toney,18XJ1A0224
Nathanial Sampson,18XJ1A0225
Jean Hickey,18XJ1A0226
Elena Altamirano,18XJ1A0227
Kenzie Meier,18XJ1A0228
Madisen Decker,18XJ1A0229
Trista Pritchard,18XJ1A0230
Carlee Pearce,18XJ1A0231
Kyree Hewitt,18XJ1A0232
Dayna Steele,18XJ1A0233
Cullen Calabrese,18XJ1A0234
Maranda Dunaway,18XJ1A0235
Amaris Jones,18XJ1A0236
Yasmine Dunning,18XJ1A0237
Briza Buford,18XJ1A0238
Daquan Samuels,18XJ1A0239
Nigel Bunn,18XJ1A0240
Garrett Stewart,18XJ1A0241
Teagan Davidson,18XJ1A0242
Reagan Houghton,18XJ1A0243
Zackary Naylor,18XJ1A0244
Chastity Hulsey,18XJ1A0245
Luca Sanders,18XJ1A0246
Diego Shanks,18XJ1A0247
Reanna Dover,18XJ1A0248
Harley Garibay,18XJ1A0249
Roxanna Toney,18XJ1A0250
Gabriel Hitchcock,18XJ1A0251
Javier Shipley,18XJ1A0252
Gaven Kent,18XJ1A0253
Kasey Gabriel,18XJ1A0254
Thea McCloud,18XJ1A0255
Tyrique Crane,18XJ1A0256
Matthias Cordero,18XJ1A0257
Judith Howland,18XJ1A0258
Harmony McDermott,18XJ1A0259
Allissa Biddle,18XJ1A0260
Darrius Machado,18XJ1A0261
Annalee Simmons,18XJ1A0262
Jaylynn Cyr,18XJ1A0263
Abigayle Bolen,18XJ1A0264
Sydney Rowe,18XJ1A0265
Britton Gillespie,18XJ1A0266
Ben Alston,18XJ1A0267
Ezra Lord,18XJ1A0268
Charisma Wilbur,18XJ1A0269
Kelsie Segura,18XJ1A0270
Kya Doss,18XJ1A0271
Miranda Savage,18XJ1A0272
Kaycee Coker,18XJ1A0273
Alina Ervin,18XJ1A0274
Luiz McLaughlin,18XJ1A0275
Herman Turley,18XJ1A0276
Keyla Gorman,18XJ1A0277
Kenya Patrick,18XJ1A0278
Jared Gulley,18XJ1A0279
Griselda Acuna,18XJ1A0280
Autum Kohn,18XJ1A0281
Kala Greenfield,18XJ1A0282
Lacey Valdez,18XJ1A0283
Deangelo Neuman,18XJ1A0284
Brionna Grimes,18XJ1A0285
Coleman Peace,18XJ1A0286
Mireya Godfrey,18XJ1A0287
Yousef Luttrell,18XJ1A0288
Lyndsay Schuler,18XJ1A0289
Keon Griffin,18XJ1A0290
Jacy Tipton,18XJ1A0291
Luciano Sims,18XJ1A0292
Monica Grabowski,18XJ1A0293
Jakobe Boykin,18XJ1A0294
Denisse Pacheco,18XJ1A0295
Maxim Turk,18XJ1A0296
Ruth Cook,18XJ1A0297
Lukas McGee,18XJ1A0298
Izaiah Byler,18XJ1A0299
Cristobal Fallon,18XJ1A0300
Nora Snyder,18XJ1A0301
Theron Stroud,18XJ1A0302
Kody Bader,18XJ1A0303
Dania Babb,18XJ1A0304
Yessica Rucker,18XJ1A0305
Jonatan Moses,18XJ1A0306
James Patrick,18XJ1A0307
Katy Fine,18XJ1A0308
Yosef Rowley,18XJ1A0309
Jaime Grimes,18XJ1A0310
Henry Johansen,18XJ1A0311
Jazmyn Schmid,18XJ1A0312
Robyn Guzman,18XJ1A0313
Ray Mcneely,18XJ1A0314
Saul Sweet,18XJ1A0315
Jacey Weeks,18XJ1A0316
Colin Hughes,18XJ1A0317
Garret Cockrell,18XJ1A0318
Rafael Mansfield,18XJ1A0319
Quinten Whiting,18XJ1A0320
Devon Kaiser,18XJ1A0321
Isabelle Harman,18XJ1A0322
Koby Littlejohn,18XJ1A0323
River Feliciano,18XJ1A0324
Peyton Mast,18XJ1A0325
Haylie Garay,18XJ1A0326
Cornelius Macias,18XJ1A0327
Monique Bourque,18XJ1A0328
Denise Segura,18XJ1A0329
Hasan Sam,18XJ1A0330
Daria Daily,18XJ1A0331
Daisy Burton,18XJ1A0332
Brooke Delgadillo,18XJ1A0333
Johnathon Leger,18XJ1A0334
Jordi Tam,18XJ1A0335
Arman Griswold,18XJ1A0336
Kendrick Gavin,18XJ1A0337
Kobe Barrientos,18XJ1A0338
Kierstin Millard,18XJ1A0339
Denise Minor,18XJ1A0340
Alize Gross,18XJ1A0341
Gary Paxton,18XJ1A0342
Raelyn Steward,18XJ1A0343
Kirk Chavarria,18XJ1A0344
Alize Dodd,18XJ1A0345
Gisselle Thornton,18XJ1A0346
Barry Laird,18XJ1A0347
Cody Garay,18XJ1A0348
Kelli Haas,18XJ1A0349
Monet Wallace,17XJ1A0100
Keri Carrier,17XJ1A0101
Gonzalo Huff,17XJ1A0102
Kelley Ruth,17XJ1A0103
Kaitlynn Sotelo,17XJ1A0104
Adeline Henry,17XJ1A0105
Allen McPherson,17XJ1A0106
Alycia Woodard,17XJ1A0107
Jadon Vandyke,17XJ1A0108
Galilea Villasenor,17XJ1A0109
Clyde Bolin,17XJ1A0110
Trent Hartmann,17XJ1A0111
Nancy Lamb,17XJ1A0112
Kayleigh Koenig,17XJ1A0113
Travion Conley,17XJ1A0114
Stephon Smoot,17XJ1A0115
Tai Kline,17XJ1A0116
Baby Heaton,17XJ1A0117
Gustavo Mull,17XJ1A0118
Dashaun Sears,17XJ1A0119
Devyn Ewing,17XJ1A0120
Kamron Billingsley,17XJ1A0121
Charlotte Lorenzo,17XJ1A0122
Nestor Light,17XJ1A0123
Kurt Munguia,17XJ1A0124
Annabelle Malloy,17XJ1A0125
Rashawn Balderas,17XJ1A0126
Tierney Kasper,17XJ1A0127
Phoenix Fontaine,17XJ1A0128
Efrain Trujillo,17XJ1A0129
Susana Dunn,17XJ1A0130
Margaret Krebs,17XJ1A0131
Abdullah Horst,17XJ1A0132
Leah Root,17XJ1A0133
Janine McCormack,17XJ1A0134
Daniela Romo,17XJ1A0135
Halie Metzger,17XJ1A0136
Ronan Baggett,17XJ1A0137
Phoenix Thai,17XJ1A0138
Kaylea Navarrete,17XJ1A0139
Jocelyn Fitzsimmons,17XJ1A0140
Abigale Jimenez,17XJ1A0141
Louis Samuels,17XJ1A0142
Hazel Fry,17XJ1A0143
Hudson Guzman,17XJ1A0144
Abdullah Reddy,17XJ1A0145
Keyana Grubbs,17XJ1A0146
Amaiya Solano,17XJ1A0147
Blayne Pollock,17XJ1A0148
Aylin Seals,17XJ1A0149
Jase Franz,17XJ1A0150
Emerson Samuel,17XJ1A0151
Ashton Connelly,17XJ1A0152
Jalin Milligan,17XJ1A0153
Chastity Lyle,17XJ1A0154
Sebastien Hickman,17XJ1A0155
Nathaly Lavoie,17XJ1A0156
Daisha Yoon,17XJ1A0157
Abrianna Delarosa,17XJ1A0158
Andie Embry,17XJ1A0159
Rahul Vera,17XJ1A0160
Marion Gaddis,17XJ1A0161
Betsy Blake,17XJ1A0162
Crystal Leavitt,17XJ1A0163
Giavanna Brill,17XJ1A0164
Sage Schrock,17XJ1A0165
Candy Duenas,17XJ1A0166
Blaine Mckenzie,17XJ1A0167
Kaela Prather,17XJ1A0168
Izaiah Barraza,17XJ1A0169
Christion Cohen,17XJ1A0170
Grady Sample,17XJ1A0171
Thea Noyes,17XJ1A0172
Karla Parris,17XJ1A0173
Jada Valadez,17XJ1A0174
Jamison Osorio,17XJ1A0175
Lexis Whitley,17XJ1A0176
Rachelle Lamb,17XJ1A0177
Tucker Volk,17XJ1A0178
Darrius Albers,17XJ1A0179
Tasha Smalley,17XJ1A0180
Kalee Casillas,17XJ1A0181
Skyler Close,17XJ1A0182
Luther Popp,17XJ1A0183
Malika Garber,17XJ1A0184
Jenny Barksdale,17XJ1A0185
Caleb Jeffries,17XJ1A0186
Sanjana Cornwell,17XJ1A0187
Mckenzie Finn,17XJ1A0188
Kalen Logan,17XJ1A0189
Stephon Burnett,17XJ1A0190
Anthony Llamas,17XJ1A0191
Kalista Whiteside,17XJ1A0192
Grayson Heim,17XJ1A0193
Rhiannon Swift,17XJ1A0194
Gretchen Clawson,17XJ1A0195
Rowan Paquette,17XJ1A0196
Annaliese Giles,17XJ1A0197
Nataly Graham,17XJ1A0198
Amina Ware,17XJ1A0199
Mckenzie Hitchcock,17XJ1A0200
Clifton Colby,17XJ1A0201
Lucia Cody,17XJ1A0202
Debra Clevenger,17XJ1A0203
Ashtyn Benjamin,17XJ1A0204
Chelsey Dean,17XJ1A0205
Makayla Bowie,17XJ1A0206
Carlos Sullivan,17XJ1A0207
Kenton Trejo,17XJ1A0208
Brennen Ellison,17XJ1A0209
Annalise Dietz,17XJ1A0210
Robyn Dickey,17XJ1A0211
Mira Greenfield,17XJ1A0212
Ashanti Koenig,17XJ1A0213
Jordin Richey,17XJ1A0214
Milo Greenfield,17XJ1A0215
Kendrick Valadez,17XJ1A0216
Everardo Cronin,17XJ1A0217
Alexandria Galbraith,17XJ1A0218
Jaxson Schweitzer,17XJ1A0219
Darien Martens,17XJ1A0220
Miranda Livingston,17XJ1A0221
Geoffrey Riddle,17XJ1A0222
Maren Sears,17XJ1A0223
Rudy Bradley,17XJ1A0224
Raymundo Benavides,17XJ1A0225
Jude Golden,17XJ1A0226
Zoie McDermott,17XJ1A0227
Eden Ring,17XJ1A0228
Finn Goodwin,17XJ1A0229
Delanie Gilbertson,17XJ1A0230
Javonte Trevino,17XJ1A0231
Caelan Infante,17XJ1A0232
Lewis Breedlove,17XJ1A0233
Chandler McKinney,17XJ1A0234
Shea Jenkins,17XJ1A0235
Breanne Concepcion,17XJ1A0236
Aldo Ragan,17XJ1A0237
Sasha Sweat,17XJ1A0238
Pedro Hearn,17XJ1A0239
Kallie Derosa,17XJ1A0240
Anissa Medina,17XJ1A0241
Malorie Bassett,17XJ1A0242
Kiara Jauregui,17XJ1A0243
Stuart Hartmann,17XJ1A0244
Camille Curran,17XJ1A0245
Jarrett Murry,17XJ1A0246
Frances Prieto,17XJ1A0247
Danielle Waldrop,17XJ1A0248
Doris Prado,17XJ1A0249
Andreas Byers,17XJ1A0250
Nash Parsons,17XJ1A0251
Gerald Arreola,17XJ1A0252
Estefany Harmon,17XJ1A0253
Eleni Aranda,17XJ1A0254
Alison Mcvey,17XJ1A0255
Leona Cabral,17XJ1A0256
Santiago Nadeau,17XJ1A0257
Misty Lavoie,17XJ1A0258
Justyn Goetz,17XJ1A0259
Augustus Sullivan,17XJ1A0260
Kallie Everett,17XJ1A0261
Katerina Hershberger,17XJ1A0262
Shawn Kay,17XJ1A0263
Marcel Wenger,17XJ1A0264
Fernando Segovia,17XJ1A0265
Ansley Wilkes,17XJ1A0266
Carlo Cormier,17XJ1A0267
Glen Draper,17XJ1A0268
Maximus Fish,17XJ1A0269
Gwendolyn Bain,17XJ1A0270
Kierstin Romano,17XJ1A0271
Gary Matson,17XJ1A0272
Keshawn Stein,17XJ1A0273
Josef Finney,17XJ1A0274
Alannah Chisholm,17XJ1A0275
Maximus Kelly,17XJ1A0276
Braeden Etheridge,17XJ1A0277
Sean Guthrie,17XJ1A0278
Maxim Simonson,17XJ1A0279
Kolby Sturm,17XJ1A0280
Jedidiah Clarkson,17XJ1A0281
Latrell Easley,17XJ1A0282
Lukas Pressley,17XJ1A0283
Dakotah Boyer,17XJ1A0284
Gwendolyn Findley,17XJ1A0285
Patricia Gross,17XJ1A0286
Areli Seeley,17XJ1A0287
Kaitlin Grantham,17XJ1A0288
Yasmine Sadler,17XJ1A0289
Avery Andrews,17XJ1A0290
Giovanna Fugate,17XJ1A0291
Dario White,17XJ1A0292
Warren Schofield,17XJ1A0293
Jayvon Kirk,17XJ1A0294
Cody Medina,17XJ1A0295
Guillermo Hackney,17XJ1A0296
Candace Barkley,17XJ1A0297
Jonathon Lambert,17XJ1A0298
Alvin Hayden,17XJ1A0299
Hamza Caswell,17XJ1A0300
Leanna Mackey,17XJ1A0301
Jessenia Perales,17XJ1A0302
Jayna Rowley,17XJ1A0303
Randall Forrester,17XJ1A0304
Joaquin Crist,17XJ1A0305
Gia Grey,17XJ1A0306
Audra Bowling,17XJ1A0307
Samira Baer,17XJ1A0308
Aleah Crider,17XJ1A0309
Mira Bridges,17XJ1A0310
Ricky Doty,17XJ1A0311
Lorena Lamar,17XJ1A0312
Janell Hager,17XJ1A0313
Sydnee Mears,17XJ1A0314
Sheldon Ernst,17XJ1A0315
Johnpaul Wing,17XJ1A0316
Perry Perryman,17XJ1A0317
Clyde Lindsay,17XJ1A0318
Mallorie Saenz,17XJ1A0319
Isabell Perales,17XJ1A0320
Keenan Stone,17XJ1A0321
Raymundo Zapata,17XJ1A0322
Rylie Gomez,17XJ1A0323
Dallas Ball,17XJ1A0324
Yulisa Denson,17XJ1A0325
Elliot Held,17XJ1A0326
Keith Dempsey,17XJ1A0327
Genaro Culver,17XJ1A0328
Peyton Ashford,17XJ1A0329
Jaycob Kauffman,17XJ1A0330
Hamza Cary,17XJ1A0331
Frank Halstead,17XJ1A0332
Dorian Medina,17XJ1A0333
Rhys Wylie,17XJ1A0334
Shanna Branch,17XJ1A0335
Yisroel Storm,17XJ1A0336
Lori Gill,17XJ1A0337
Linda Brennan,17XJ1A0338
Ryann Coker,17XJ1A0339
Cathryn Duarte,17XJ1A0340
Ireland Bernier,17XJ1A0341
Jackeline Briscoe,17XJ1A0342
Kristian Jansen,17XJ1A0343
Alivia Kidwell,17XJ1A0344
Andrew Keefe,17XJ1A0345
Valeria Quinn,17XJ1A0346
Joselyn Barrow,17XJ1A0347
Yisroel Sisk,17XJ1A0348
Natalia Huff,17XJ1A0349
